run_id,variant_id,factor,factor_level,contrast_variant_id,training_seed,status,git_commit,registry_sha256,checkpoint,checkpoint_sha256,training_wall_seconds
phase2_cartpole_controlled_ablation__B0__seed7,B0,baseline,official_manager_based_config,,7,succeeded,a2ddcc55747b6b0e1a46451369a371734315ebff,72c2bf04bda3213469068e31c489e0439a51ab49cfef25ec022b998d3465fa5d,/workspace/isaaclab/logs/skrl/cartpole/2026-07-27_01-54-31_ppo_torch/checkpoints/agent_2400.pt,f9b99ac5f61ffc349371a80ed58f02a8c3ec52e63627e6002b9752f13da75d07,90.15042220300006
phase2_cartpole_controlled_ablation__B0__seed42,B0,baseline,official_manager_based_config,,42,succeeded,historical-phase1-run,72c2bf04bda3213469068e31c489e0439a51ab49cfef25ec022b998d3465fa5d,/workspace/isaaclab/logs/skrl/cartpole/2026-07-26_16-09-30_ppo_torch/checkpoints/agent_2400.pt,d375ff94649f1328b87e367e175d84bdae8da4f327f9820430c0a498b4ef8592,
phase2_cartpole_controlled_ablation__B0__seed123,B0,baseline,official_manager_based_config,,123,succeeded,a2ddcc55747b6b0e1a46451369a371734315ebff,72c2bf04bda3213469068e31c489e0439a51ab49cfef25ec022b998d3465fa5d,/workspace/isaaclab/logs/skrl/cartpole/2026-07-27_01-56-01_ppo_torch/checkpoints/agent_2400.pt,d6caf44ff6118ba4c1356b81119848c2e580d68c44a81f4e8208b53ae9c8d9e0,92.0558255540002
phase2_cartpole_controlled_ablation__O_POS__seed7,O_POS,observation,position_only,B0,7,succeeded,a2ddcc55747b6b0e1a46451369a371734315ebff,72c2bf04bda3213469068e31c489e0439a51ab49cfef25ec022b998d3465fa5d,/workspace/isaaclab/logs/skrl/cartpole/2026-07-27_01-57-33_ppo_torch/checkpoints/agent_2400.pt,d981267b259e18e49c6f71ed53d7e0b1ca4e5c0ef7c752bf28ee7b5581cac772,92.59876884100004
phase2_cartpole_controlled_ablation__O_POS__seed42,O_POS,observation,position_only,B0,42,succeeded,a2ddcc55747b6b0e1a46451369a371734315ebff,72c2bf04bda3213469068e31c489e0439a51ab49cfef25ec022b998d3465fa5d,/workspace/isaaclab/logs/skrl/cartpole/2026-07-27_01-43-56_ppo_torch/checkpoints/agent_2400.pt,09cdac3695c328012635ee52479df88d4d1496a96d77e143f826e3b3a4b49985,92.21469721200015
phase2_cartpole_controlled_ablation__O_POS__seed123,O_POS,observation,position_only,B0,123,succeeded,a2ddcc55747b6b0e1a46451369a371734315ebff,72c2bf04bda3213469068e31c489e0439a51ab49cfef25ec022b998d3465fa5d,/workspace/isaaclab/logs/skrl/cartpole/2026-07-27_01-59-06_ppo_torch/checkpoints/agent_2400.pt,5b9ecd80741521456f57fd91b1c9faa17fbe55534352fd8d7714fbc73afcaac3,92.41986965399997
phase2_cartpole_controlled_ablation__O_H4__seed7,O_H4,observation,position_history_4,O_POS,7,succeeded,a2ddcc55747b6b0e1a46451369a371734315ebff,72c2bf04bda3213469068e31c489e0439a51ab49cfef25ec022b998d3465fa5d,/workspace/isaaclab/logs/skrl/cartpole/2026-07-27_02-00-38_ppo_torch/checkpoints/agent_2400.pt,f655afbdfbcdd72bfbb04b49122dc89a0497023e3726fc8aae1adcd7e59fb8f1,92.50928310600011
phase2_cartpole_controlled_ablation__O_H4__seed42,O_H4,observation,position_history_4,O_POS,42,succeeded,f89f1e3bd977ab9bf9553c46c987195a104160a1,72c2bf04bda3213469068e31c489e0439a51ab49cfef25ec022b998d3465fa5d,/workspace/isaaclab/logs/skrl/cartpole/2026-07-27_01-29-49_ppo_torch/checkpoints/agent_2400.pt,20d5baf18ff251cd16d9def685a7b88f9cab9cbb86112b110875c4ee7b3ddd53,113.198094354
phase2_cartpole_controlled_ablation__O_H4__seed123,O_H4,observation,position_history_4,O_POS,123,succeeded,a2ddcc55747b6b0e1a46451369a371734315ebff,72c2bf04bda3213469068e31c489e0439a51ab49cfef25ec022b998d3465fa5d,/workspace/isaaclab/logs/skrl/cartpole/2026-07-27_02-02-11_ppo_torch/checkpoints/agent_2400.pt,9d89de39df287fcf0dca7a59cdb03a9fbfa2bf29fb71d71a1bf434c12cd540af,91.72570972299991
phase2_cartpole_controlled_ablation__R_CV0__seed7,R_CV0,reward,0.0,B0,7,succeeded,a2ddcc55747b6b0e1a46451369a371734315ebff,72c2bf04bda3213469068e31c489e0439a51ab49cfef25ec022b998d3465fa5d,/workspace/isaaclab/logs/skrl/cartpole/2026-07-27_02-03-43_ppo_torch/checkpoints/agent_2400.pt,2ae8b64d79fda22b2733a092ed12da808347d918a4cb42f5e5404faedcc1dd7d,90.83113158300011
phase2_cartpole_controlled_ablation__R_CV0__seed42,R_CV0,reward,0.0,B0,42,succeeded,a2ddcc55747b6b0e1a46451369a371734315ebff,72c2bf04bda3213469068e31c489e0439a51ab49cfef25ec022b998d3465fa5d,/workspace/isaaclab/logs/skrl/cartpole/2026-07-27_01-45-28_ppo_torch/checkpoints/agent_2400.pt,4e534d41320b9fcd6c3195a87148d903e64a95026e0c3e390662879dc6144374,91.84427117700011
phase2_cartpole_controlled_ablation__R_CV0__seed123,R_CV0,reward,0.0,B0,123,succeeded,a2ddcc55747b6b0e1a46451369a371734315ebff,72c2bf04bda3213469068e31c489e0439a51ab49cfef25ec022b998d3465fa5d,/workspace/isaaclab/logs/skrl/cartpole/2026-07-27_02-05-13_ppo_torch/checkpoints/agent_2400.pt,e9aece804106a08f10ffcf0e969259cd245d132de9eb10b3d4e06c686802356d,92.33798199800003
phase2_cartpole_controlled_ablation__R_CV2__seed7,R_CV2,reward,-0.02,B0,7,succeeded,a2ddcc55747b6b0e1a46451369a371734315ebff,72c2bf04bda3213469068e31c489e0439a51ab49cfef25ec022b998d3465fa5d,/workspace/isaaclab/logs/skrl/cartpole/2026-07-27_02-06-46_ppo_torch/checkpoints/agent_2400.pt,f5b98862b39e981e1f0e7fb149d7a123d8d73dd7a96e9b9b0450382dbd36caa5,92.23789393800007
phase2_cartpole_controlled_ablation__R_CV2__seed42,R_CV2,reward,-0.02,B0,42,succeeded,a2ddcc55747b6b0e1a46451369a371734315ebff,72c2bf04bda3213469068e31c489e0439a51ab49cfef25ec022b998d3465fa5d,/workspace/isaaclab/logs/skrl/cartpole/2026-07-27_01-47-00_ppo_torch/checkpoints/agent_2400.pt,a88e1251d1c8b661de484b6fd32dc02b1ed9dfccab391a6007dbcfdf3dfac9e7,92.24848351500009
phase2_cartpole_controlled_ablation__R_CV2__seed123,R_CV2,reward,-0.02,B0,123,succeeded,a2ddcc55747b6b0e1a46451369a371734315ebff,72c2bf04bda3213469068e31c489e0439a51ab49cfef25ec022b998d3465fa5d,/workspace/isaaclab/logs/skrl/cartpole/2026-07-27_02-08-18_ppo_torch/checkpoints/agent_2400.pt,2118c93ff9914d84b11c8514ebd2d3e76de19b8bbd8c677e0618b4322c0f8305,92.43007661999991
phase2_cartpole_controlled_ablation__A_E50__seed7,A_E50,action,50.0,B0,7,succeeded,a2ddcc55747b6b0e1a46451369a371734315ebff,72c2bf04bda3213469068e31c489e0439a51ab49cfef25ec022b998d3465fa5d,/workspace/isaaclab/logs/skrl/cartpole/2026-07-27_02-09-50_ppo_torch/checkpoints/agent_2400.pt,1f278fd95ec164b28424106a0c1317d2ebb6c3672e2afe7f4d00cafcfb5e950f,91.831451475
phase2_cartpole_controlled_ablation__A_E50__seed42,A_E50,action,50.0,B0,42,succeeded,a2ddcc55747b6b0e1a46451369a371734315ebff,72c2bf04bda3213469068e31c489e0439a51ab49cfef25ec022b998d3465fa5d,/workspace/isaaclab/logs/skrl/cartpole/2026-07-27_01-48-33_ppo_torch/checkpoints/agent_2400.pt,ea523661784bf90f85b200b0af7b458982eb9c04e973cc6d367a4053a454922a,92.20235759000002
phase2_cartpole_controlled_ablation__A_E50__seed123,A_E50,action,50.0,B0,123,succeeded,a2ddcc55747b6b0e1a46451369a371734315ebff,72c2bf04bda3213469068e31c489e0439a51ab49cfef25ec022b998d3465fa5d,/workspace/isaaclab/logs/skrl/cartpole/2026-07-27_02-11-22_ppo_torch/checkpoints/agent_2400.pt,1f2ff970e03573673179b3f190fb489d4d20bf5720b3b51448c143dae4316921,92.05221470000015
phase2_cartpole_controlled_ablation__A_E200__seed7,A_E200,action,200.0,B0,7,succeeded,a2ddcc55747b6b0e1a46451369a371734315ebff,72c2bf04bda3213469068e31c489e0439a51ab49cfef25ec022b998d3465fa5d,/workspace/isaaclab/logs/skrl/cartpole/2026-07-27_02-12-54_ppo_torch/checkpoints/agent_2400.pt,3097d222e42539fa952a0c7fb364350de2e725eaff14a8578dbc7f738b12144c,91.31803474899971
phase2_cartpole_controlled_ablation__A_E200__seed42,A_E200,action,200.0,B0,42,succeeded,a2ddcc55747b6b0e1a46451369a371734315ebff,72c2bf04bda3213469068e31c489e0439a51ab49cfef25ec022b998d3465fa5d,/workspace/isaaclab/logs/skrl/cartpole/2026-07-27_01-50-05_ppo_torch/checkpoints/agent_2400.pt,e9bf499cb49a3620b1e6909b56b2aab782eb2f439024709931c3de4ee2af0c97,92.06277566500012
phase2_cartpole_controlled_ablation__A_E200__seed123,A_E200,action,200.0,B0,123,succeeded,a2ddcc55747b6b0e1a46451369a371734315ebff,72c2bf04bda3213469068e31c489e0439a51ab49cfef25ec022b998d3465fa5d,/workspace/isaaclab/logs/skrl/cartpole/2026-07-27_02-14-26_ppo_torch/checkpoints/agent_2400.pt,d71915327c59785ede573d33a0f5b4c703fd3e865fdba3a8923aff69e27e8c4c,92.37373524400027
phase2_cartpole_controlled_ablation__T_B15__seed7,T_B15,termination,1.5,B0,7,succeeded,a2ddcc55747b6b0e1a46451369a371734315ebff,72c2bf04bda3213469068e31c489e0439a51ab49cfef25ec022b998d3465fa5d,/workspace/isaaclab/logs/skrl/cartpole/2026-07-27_02-15-58_ppo_torch/checkpoints/agent_2400.pt,6097125b79b0c5dbf109dbb781eeefcaea71d7c0bb1dd0659d16727329df8beb,90.75961155799996
phase2_cartpole_controlled_ablation__T_B15__seed42,T_B15,termination,1.5,B0,42,succeeded,a2ddcc55747b6b0e1a46451369a371734315ebff,72c2bf04bda3213469068e31c489e0439a51ab49cfef25ec022b998d3465fa5d,/workspace/isaaclab/logs/skrl/cartpole/2026-07-27_01-51-37_ppo_torch/checkpoints/agent_2400.pt,cbf332a027e9bb40be0e4563e747275ff51984c7b1a6fa06d72bb36589c3e650,92.03116961899991
phase2_cartpole_controlled_ablation__T_B15__seed123,T_B15,termination,1.5,B0,123,succeeded,a2ddcc55747b6b0e1a46451369a371734315ebff,72c2bf04bda3213469068e31c489e0439a51ab49cfef25ec022b998d3465fa5d,/workspace/isaaclab/logs/skrl/cartpole/2026-07-27_02-17-29_ppo_torch/checkpoints/agent_2400.pt,16c1688a667d3489f6a7dac47dfeb2cc7068b89423b022711c4e6a24b7a74118,92.14755113199999
phase2_cartpole_controlled_ablation__T_B60__seed7,T_B60,termination,6.0,B0,7,succeeded,a2ddcc55747b6b0e1a46451369a371734315ebff,72c2bf04bda3213469068e31c489e0439a51ab49cfef25ec022b998d3465fa5d,/workspace/isaaclab/logs/skrl/cartpole/2026-07-27_02-19-01_ppo_torch/checkpoints/agent_2400.pt,72d1f1bca2a822c054ecd8242b8cc0dce741590b43fe04ab6f1ac2463366260f,81.73377435300017
phase2_cartpole_controlled_ablation__T_B60__seed42,T_B60,termination,6.0,B0,42,succeeded,a2ddcc55747b6b0e1a46451369a371734315ebff,72c2bf04bda3213469068e31c489e0439a51ab49cfef25ec022b998d3465fa5d,/workspace/isaaclab/logs/skrl/cartpole/2026-07-27_01-53-09_ppo_torch/checkpoints/agent_2400.pt,0106cb990e02f890d4cccacd058f29dc4c23d23015e3fcc77b385f625d0c7747,82.29287507599997
phase2_cartpole_controlled_ablation__T_B60__seed123,T_B60,termination,6.0,B0,123,succeeded,a2ddcc55747b6b0e1a46451369a371734315ebff,72c2bf04bda3213469068e31c489e0439a51ab49cfef25ec022b998d3465fa5d,/workspace/isaaclab/logs/skrl/cartpole/2026-07-27_02-20-23_ppo_torch/checkpoints/agent_2400.pt,70af413669e573110c8259fa4a08cc5102f170db9d801676a248eb2dd82add59,81.75398942999982
