variant_id,variant_label,checkpoint_vector_steps,training_transitions,mean_balance_seconds,robust_success_fraction,mean_upright_fraction_12deg,mean_pole_angle_rms_radians,time_limit_fraction
B0,Baseline,240,983040,0.3313333333333333,0.0,0.2096277586878206,0.9200460829628365,0.0
B0,Baseline,480,1966080,2.6506666666666665,0.08,0.728267339228875,0.22832114458527322,0.08
B0,Baseline,720,2949120,3.6626666666666665,0.32,0.924790006931614,0.11207648010498028,0.4
B0,Baseline,960,3932160,5.0,0.72,0.9472,0.08324851876871583,1.0
B0,Baseline,1200,4915200,5.0,0.76,0.9477333333333334,0.09557520182846904,1.0
B0,Baseline,1440,5898240,5.0,0.8,0.9525333333333333,0.09901268406631156,1.0
B0,Baseline,1680,6881280,5.0,0.64,0.93,0.1369397130775259,1.0
B0,Baseline,1920,7864320,5.0,0.6,0.9418666666666666,0.1276088969302828,1.0
B0,Baseline,2160,8847360,5.0,0.72,0.9657333333333333,0.11745220886537533,1.0
B0,Baseline,2400,9830400,5.0,0.64,0.9589333333333333,0.12203544857578988,1.0
O_POS,Position only,240,983040,1.48,0.0,0.1780446782311633,0.8557713623078455,0.0
O_POS,Position only,480,1966080,3.546666666666667,0.36,0.8860460544760376,0.11585560851553417,0.36
O_POS,Position only,720,2949120,4.233333333333333,0.32,0.8645853134863954,0.15688769423727822,0.6
O_POS,Position only,960,3932160,4.038666666666667,0.16,0.5240125556271952,0.24037387972910587,0.64
O_POS,Position only,1200,4915200,3.728,0.0,0.2795768071319305,0.41393619670866555,0.48
O_POS,Position only,1440,5898240,3.6293333333333333,0.04,0.22696342488029278,0.4895370630707181,0.48
O_POS,Position only,1680,6881280,3.740666666666667,0.04,0.22113171952205662,0.5027971146180258,0.52
O_POS,Position only,1920,7864320,3.806,0.04,0.21176536859581518,0.5880292955703301,0.52
O_POS,Position only,2160,8847360,3.898,0.04,0.21334692036673877,0.6263832271890633,0.56
O_POS,Position only,2400,9830400,3.7506666666666666,0.04,0.21378638451974677,0.6130195260991329,0.52
O_H4,4-frame history,240,983040,1.1313333333333333,0.0,0.03905798359650941,1.6365433824078712,0.0
O_H4,4-frame history,480,1966080,1.8453333333333333,0.0,0.37703849413783047,0.5650529914138344,0.0
O_H4,4-frame history,720,2949120,3.812,0.08,0.5095570323106515,0.23684402353746978,0.28
O_H4,4-frame history,960,3932160,5.0,0.52,0.888,0.1318215718165955,1.0
O_H4,4-frame history,1200,4915200,5.0,0.64,0.9401333333333334,0.10461990513990141,1.0
O_H4,4-frame history,1440,5898240,5.0,0.68,0.9529333333333334,0.09418042858448761,1.0
O_H4,4-frame history,1680,6881280,5.0,0.84,0.9693333333333334,0.06973817436905846,1.0
O_H4,4-frame history,1920,7864320,5.0,0.8,0.9693333333333334,0.06796506412434328,1.0
O_H4,4-frame history,2160,8847360,5.0,0.84,0.9710666666666667,0.07079914840143953,1.0
O_H4,4-frame history,2400,9830400,5.0,0.84,0.9712000000000001,0.07366166504950585,1.0
R_CV0,Cart-vel 0,240,983040,1.1586666666666665,0.08,0.4116841471256537,0.5484754843832732,0.08
R_CV0,Cart-vel 0,480,1966080,3.5853333333333333,0.28,0.838734526210093,0.13380624880559785,0.28
R_CV0,Cart-vel 0,720,2949120,5.0,0.6,0.9397333333333333,0.09424545428641194,1.0
R_CV0,Cart-vel 0,960,3932160,5.0,0.36,0.8646666666666667,0.13156745278526397,1.0
R_CV0,Cart-vel 0,1200,4915200,5.0,0.84,0.9604,0.10345804089939295,1.0
R_CV0,Cart-vel 0,1440,5898240,5.0,0.76,0.9614666666666668,0.08059299476898035,1.0
R_CV0,Cart-vel 0,1680,6881280,5.0,0.76,0.9609333333333333,0.0765729997778064,1.0
R_CV0,Cart-vel 0,1920,7864320,5.0,0.8,0.9661333333333333,0.07719441277682658,1.0
R_CV0,Cart-vel 0,2160,8847360,5.0,0.8,0.9705333333333335,0.07374934569387662,1.0
R_CV0,Cart-vel 0,2400,9830400,5.0,0.88,0.9741333333333334,0.06440001456995799,1.0
R_CV2,Cart-vel -0.02,240,983040,0.3186666666666667,0.0,0.21967668794913375,0.8601219097594847,0.0
R_CV2,Cart-vel -0.02,480,1966080,2.56,0.08,0.5738245463272028,0.31982557901733594,0.12
R_CV2,Cart-vel -0.02,720,2949120,3.6180000000000003,0.36,0.9283287539986115,0.11025388620806507,0.44
R_CV2,Cart-vel -0.02,960,3932160,4.930666666666666,0.72,0.9540571428571428,0.08402884113817218,0.96
R_CV2,Cart-vel -0.02,1200,4915200,5.0,0.6,0.9377333333333334,0.09039639096762554,1.0
R_CV2,Cart-vel -0.02,1440,5898240,5.0,0.64,0.9405333333333334,0.08773791693579183,1.0
R_CV2,Cart-vel -0.02,1680,6881280,5.0,0.64,0.95,0.07811198667179432,1.0
R_CV2,Cart-vel -0.02,1920,7864320,5.0,0.6,0.9506666666666667,0.0788810394770271,1.0
R_CV2,Cart-vel -0.02,2160,8847360,5.0,0.72,0.9544,0.07717892509596254,1.0
R_CV2,Cart-vel -0.02,2400,9830400,5.0,0.76,0.9558666666666668,0.0769456130761967,1.0
A_E50,Effort 50,240,983040,2.522,0.04,0.4258242901447333,0.7540573404027907,0.08
A_E50,Effort 50,480,1966080,2.6326666666666667,0.04,0.6972254762412485,0.19278525595191617,0.04
A_E50,Effort 50,720,2949120,5.0,0.72,0.9606666666666667,0.07562556798253733,1.0
A_E50,Effort 50,960,3932160,5.0,0.76,0.9595999999999999,0.07587953680990366,1.0
A_E50,Effort 50,1200,4915200,5.0,0.76,0.9676,0.06713479487398889,1.0
A_E50,Effort 50,1440,5898240,5.0,0.8,0.9677333333333334,0.06630824218900527,1.0
A_E50,Effort 50,1680,6881280,5.0,0.72,0.9654666666666667,0.0673544052024207,1.0
A_E50,Effort 50,1920,7864320,5.0,0.64,0.9657333333333333,0.06716182020190135,1.0
A_E50,Effort 50,2160,8847360,5.0,0.6,0.9633333333333333,0.06924195610393906,1.0
A_E50,Effort 50,2400,9830400,5.0,0.68,0.9629333333333334,0.07148879070835051,1.0
A_E200,Effort 200,240,983040,2.14,0.4,0.571147286047286,0.3189878726125427,0.4
A_E200,Effort 200,480,1966080,3.536,0.2,0.904880786806283,0.11571543467101099,0.2
A_E200,Effort 200,720,2949120,5.0,0.68,0.9544,0.0793969797500287,1.0
A_E200,Effort 200,960,3932160,5.0,0.6,0.9481333333333333,0.08562556251400727,1.0
A_E200,Effort 200,1200,4915200,5.0,0.68,0.95,0.0817055740331745,1.0
A_E200,Effort 200,1440,5898240,5.0,0.6,0.9577333333333334,0.07358702090114899,1.0
A_E200,Effort 200,1680,6881280,5.0,0.64,0.9643999999999999,0.06898610357638617,1.0
A_E200,Effort 200,1920,7864320,5.0,0.64,0.9633333333333333,0.0690691641390337,1.0
A_E200,Effort 200,2160,8847360,5.0,0.64,0.9634666666666667,0.06808594570787477,1.0
A_E200,Effort 200,2400,9830400,5.0,0.64,0.9643999999999999,0.06743260503296505,1.0
T_B15,Bound 1.5,240,983040,2.8746666666666667,0.04,0.4301373812036547,0.42984546832299037,0.24
T_B15,Bound 1.5,480,1966080,4.763999999999999,0.64,0.943374358974359,0.08787169662285514,0.92
T_B15,Bound 1.5,720,2949120,4.808000000000001,0.64,0.9258621701904596,0.12262346679811528,0.92
T_B15,Bound 1.5,960,3932160,5.0,0.68,0.9505333333333332,0.08772503696528304,1.0
T_B15,Bound 1.5,1200,4915200,5.0,0.72,0.9596000000000001,0.07158141227124601,1.0
T_B15,Bound 1.5,1440,5898240,4.766666666666667,0.72,0.9304564102564103,0.09804681611092116,0.92
T_B15,Bound 1.5,1680,6881280,4.918,0.68,0.9349694915254237,0.11663471843167077,0.96
T_B15,Bound 1.5,1920,7864320,5.0,0.32,0.8174666666666667,0.3879732148016272,1.0
T_B15,Bound 1.5,2160,8847360,5.0,0.04,0.8217333333333333,0.15763851865096576,1.0
T_B15,Bound 1.5,2400,9830400,5.0,0.6,0.9422666666666667,0.10235094242673942,1.0
T_B60,Bound 6.0,240,983040,0.41333333333333333,0.0,0.14552825325423763,1.3577459479536076,0.0
T_B60,Bound 6.0,480,1966080,0.388,0.0,0.18355787025924325,1.1438570355491138,0.0
T_B60,Bound 6.0,720,2949120,0.30866666666666664,0.0,0.19887292021031422,0.8768057450912248,0.0
T_B60,Bound 6.0,960,3932160,0.28733333333333333,0.0,0.22696653398201383,0.7510801058609725,0.0
T_B60,Bound 6.0,1200,4915200,0.306,0.0,0.25634581649038507,0.7567041465506565,0.0
T_B60,Bound 6.0,1440,5898240,0.25533333333333336,0.0,0.21462217194570138,0.7640816228704996,0.0
T_B60,Bound 6.0,1680,6881280,0.26799999999999996,0.0,0.19861017551420027,0.787190731502027,0.0
T_B60,Bound 6.0,1920,7864320,0.24866666666666667,0.0,0.17351120448179272,0.8086385045527505,0.0
T_B60,Bound 6.0,2160,8847360,0.24000000000000002,0.0,0.19425141525141526,0.7770205480794465,0.0
T_B60,Bound 6.0,2400,9830400,0.24533333333333335,0.0,0.21082087434409416,0.758366260560438,0.0
